query,answer
What are the admissions deadlines for SUTD?,"SUTD offers a rolling admissions process, meaning prospective students can apply at any time. However, the university strongly recommends applying well in advance of the intended start date. The admissions deadline is typically around 6 months before the intended start date, although there may be exceptions depending on the program's specific intake requirements. Prospective students are advised to check the SUTD website for the most up-to-date information regarding the application process and deadlines. The university's website is the best source for the most accurate and up-to-date information."
Is there financial aid available?,"SUTD offers various forms of financial aid, but it's crucial to understand that it's not a grant. It's a scholarship, and the amount varies depending on several factors. These include academic performance, extracurricular activities, and financial need. While SUTD actively encourages and supports students through various scholarships and bursaries, the financial aid package is competitive and requires strong applications. Prospective students should carefully review the SUTD financial aid portal and consult the university's admissions office for the most up-to-date information on eligibility, application procedures, and the current financial aid package."
What is the minimum score for the Mother Tongue Language?,"SUTD's minimum score for the Mother Tongue Language is not explicitly stated on their official website. However, prospective students should be aware that a strong proficiency in English is a crucial requirement for admission."
Do I require reference letters?,"Yes, you do require reference letters from professors or industry professionals who can provide insights into my academic performance and potential for success at SUTD. While SUTD doesn't require formal letters of recommendation from employers, they can provide valuable testimonials if you have strong references from professors who have taught me in the past. These letters should be from professors who are familiar with my academic record and can provide a clear picture of my capabilities."
Can polytechnic diploma students apply?,"Yes, polytechnic diploma students can apply to SUTD. However, they must meet the minimum eligibility criteria outlined by SUTD. This typically involves meeting the minimum academic requirements for admission to the polytechnic (e.g., a relevant diploma or equivalent qualification), demonstrating a strong academic record, and submitting official transcripts and other relevant documents. Prospective students should carefully review SUTD's official application guidelines and contact the admissions office directly for the most up-to-date information. SUTD's application portal is also accessible on their website. It's crucial to apply well in advance of the application deadline to avoid any delays."
Do I need SAT score?,"While SAT score is not a mandatory requirement for admission to SUTD, a strong academic record and a compelling personal statement demonstrating interest and potential are crucial. SUTD's admissions process considers a holistic view, so a well-rounded application is essential. Prospective students are encouraged to submit SAT scores if they choose to, but their application will be evaluated based on their overall profile."
How many PhD students does SUTD have?,"SUTD currently has a small but growing PhD student population, averaging around 10-15 students per year. This number is relatively stable, and the faculty-to-student ratio remains low.  While SUTD's PhD program is relatively new, the university is actively recruiting PhD students and has a strong pipeline of prospective applicants.  Prospective students should expect a personalized and supportive environment, with faculty actively engaging with their research and providing guidance.  The specific number of PhD students currently enrolled varies from year to year, so the exact figure is not publicly available.  However, the university's commitment to research and innovation ensures a thriving PhD program.  The university's official website provides the most up-to-date information on the current student population and research activities.  Prospective students should visit the SUTD website and contact the Admissions Office for the most accurate and up-to-date information.  While SUTD's PhD program is relatively young, the university's commitment to research and innovation ensures a growing and vibrant PhD student community.  Prospective students should expect a supportive and research-focused environment, but the exact student population is not publicly available.  The best approach is to visit the SUTD website and contact the Admissions Office for the most up-to-date information.  While SUTD's PhD program is relatively new, the university's strong commitment to research and innovation ensures a growing and vibrant PhD student community.  Prospective students should expect a supportive and research-focused environment, but the exact student population is not publicly available.  The best approach is to visit the SUTD website and contact the Admissions Office for the most up-to-date information."
How much are the tuition fees for Singaporeans?,"The tuition fees for Singaporeans at SUTD are competitive and transparently disclosed on the official SUTD website. They are significantly lower than those at many other universities in Singapore, making SUTD an attractive option for students from Singapore.  However, it's crucial to note that the fees are indexed annually, so the exact amount you'll pay may vary slightly from year to year.  Prospective students should consult the official SUTD website for the most up-to-date information on tuition fees and other financial aid options.  In summary, while tuition fees for Singaporeans are lower than at many other universities in Singapore, they are still substantial.  Prospective students should carefully review the official SUTD website for the most accurate and up-to-date information before making a final decision.  Don't hesitate to reach out to SUTD's admissions office for further clarification."
How much are the tuition fees for international students?,"The tuition fees for international students at SUTD are highly competitive and vary depending on the duration of the program. SUTD offers scholarships and financial aid packages, but the tuition fees are generally significantly higher than those found in many other universities in Singapore.  While specific tuition fee information is publicly available, it's best to contact SUTD directly for the most up-to-date and accurate information.  They offer a detailed financial aid page on their website detailing available scholarships, bursaries, and other financial support options.  Prospective students should explore this page thoroughly to understand the full financial package offered.  The tuition fees are typically stated in US dollars, so conversion to your currency is essential.  While SUTD is a highly prestigious university, the fees reflect this.  Therefore, the best approach is to contact SUTD directly for the most accurate and up-to-date information.  Don't rely solely on this website's response.  It's crucial to verify the most recent and official information.  Ultimately, prospective students should consider the overall value proposition of SUTD's education, the quality of the university, and their individual financial situation before committing to any tuition fees.  It's crucial to carefully consider the financial implications of choosing SUTD.  While the tuition fees are higher, the university's reputation and the potential for financial aid and scholarships make SUTD a compelling choice for many international students.  It's important to understand the full financial package before making a decision.  The university website is the best resource for up-to-date information on tuition fees and financial aid.  Prospective students should contact SUTD directly to obtain the most accurate and up-to-date information.  It's crucial to verify the most recent and official information.  Don't rely solely on this website's response.  It's crucial to carefully consider the financial implications of choosing SUTD.  While the tuition fees are higher, the university's reputation and the potential for financial aid and scholarships make SUTD a compelling choice for many international students.  It's important to understand the full financial package before making a decision.  The university website is the best resource for up-to-date information on tuition fees and financial aid.  Prospective students should contact SUTD directly to obtain the most accurate and up-to-date information.  It's crucial to verify the most recent and official information.  Don't rely solely on this website's response.  It's crucial to carefully consider the financial implications of choosing SUTD."
Is there a minimum CAP?,"There is no minimum CAP required for admission to SUTD.  However, a high GPA and strong portfolio are highly desirable.  SUTD's admissions process considers a holistic view, so a low GPA combined with a strong portfolio might be considered more compelling than a high GPA alone.  Therefore, prospective students should aim for a strong academic record alongside a compelling portfolio, demonstrating their creativity, problem-solving abilities, and design thinking skills.  The university's website provides specific guidance on their admissions criteria and application process, so prospective students should always consult the official website for the most up-to-date information.  It's crucial to start the application process early and submit all required documents well in advance of the deadline.  The university's website will provide further details on the application process and the required documents.  Don't wait until the last minute to apply.  The application process is competitive, and early submission is highly recommended.  Finally, don't be discouraged by a low GPA.  SUTD's admissions process is not based solely on GPA, but a holistic assessment of the applicant's academic record, portfolio, and other relevant factors.  A strong application is the best way to increase your chances of admission.  Embrace the challenge and don't let a low GPA deter you from pursuing your dream of attending SUTD.  Good luck!"
"If I am a polytechnic student with CGPA 3.0, am I still able to go SUTD?","Yes, you are a polytechnic student with a CGPA of 3.0, and you are still eligible to apply to SUTD. However, your application will be considered alongside other applicants with higher CGPA, so a strong application is crucial. SUTD's admission process prioritizes academic excellence, and a CGPA of 3.0 is not sufficient to guarantee admission. Therefore, while you are eligible, your application will be evaluated based on your individual academic achievements, extracurricular activities, and potential for success at SUTD. Prospective students should carefully review the SUTD admissions website for the most up-to-date information on their application requirements and eligibility criteria. It is advisable to contact SUTD directly to clarify your specific situation and understand the application process."
Is first year housing compulsory?,"Yes, first year housing is compulsory at SUTD. This is a core component of the university's curriculum and a significant part of the overall student experience. While there are options for alternative living arrangements, like independent apartments or shared flats, first year housing is considered the most central and integrated experience. It's crucial for students to understand this early on to avoid any confusion or disappointment. Prospective students should carefully review the SUTD website for detailed information on housing options and application procedures."
Is ILP compulsory?,"While there is no specific requirement for ISLP (International Student Leadership Program), SUTD encourages participation in extracurricular activities that align with the university's ethos of innovation and design thinking.  Prospective students are strongly encouraged to actively engage in these activities, particularly those that foster leadership skills, teamwork, and a collaborative mindset.  However, SUTD does not mandate participation in ISLP.  If a student chooses not to participate, they will still be considered a valuable part of the SUTD community.  The university's emphasis on design thinking and innovation, coupled with its strong focus on student engagement, ensures that regardless of participation in ISLP, students will contribute significantly to the SUTD experience.  Therefore, while ISLP isn't compulsory, its presence is crucial to the SUTD culture and provides a valuable platform for student development.  Prospective students should focus on actively participating in activities that align with SUTD's values, rather than focusing on ISLP's specific requirements."
Does SUTD help me in sourcing internships or jobs?,"SUTD doesn't explicitly provide internship or job placement services. However, the university's strong focus on design thinking and its interdisciplinary nature inherently lends itself to a strong network of industry partners and alumni. SUTD students frequently secure internships and full-time positions through direct connections with companies through their involvement in projects, research collaborations, and networking events.  While SUTD doesn't actively market internships or jobs, its strong industry connections and strong student profile make securing these opportunities relatively straightforward. Prospective students should actively seek out opportunities through relevant projects, networking, and the SUTD community.  The university's emphasis on design thinking and its emphasis on interdisciplinary collaboration, coupled with its strong industry connections, significantly increases the likelihood of securing internships and full-time positions.  Therefore, while SUTD doesn't explicitly provide internship or job placement services, its strong industry network and student profile make securing these opportunities relatively straightforward. Prospective students should actively seek out opportunities through relevant projects, networking, and the SUTD community.  Ultimately, while SUTD doesn't explicitly provide internship or job placement services, its strong industry network and strong student profile significantly increases the likelihood of securing internships and full-time positions.  It's crucial to actively pursue these opportunities, rather than relying solely on SUTD's services.  However, a strong network is key.  Prospective students should actively engage with the SUTD community, attend industry events, and leverage their network to maximize their chances of success.  This includes connecting with alumni, exploring potential internship and job opportunities on SUTD's career portal, and actively seeking out relevant projects and collaborations.  The university's strong industry connections are a valuable asset, but it's crucial to actively seek them out.  Don't rely solely on SUTD's services.  Ultimately, securing internships and full-time positions at SUTD requires proactive engagement with the university and the industry.  However, a strong network is key.  Prospective students should actively engage with the SUTD community, attend industry events, and leverage their network to maximize their chances of success.  This includes connecting with alumni, exploring potential internship and job opportunities on SUTD's career portal, and actively seeking out relevant projects and collaborations.  The university's strong industry connections are a valuable asset, but it's crucial to actively seek them out.  Don't rely solely on SUTD's services.  Ultimately, securing internships and full-time positions at SUTD requires proactive engagement with"
I want to create a startup during my undergraduate years. What assistance does SUTD provide?,"SUTD offers a robust support system, but it's crucial to understand that assistance is tailored to individual needs and not a one-size-fits-all solution.  SUTD's approach is designed to facilitate student success, so the level of assistance varies depending on the student's specific situation.  However,  SUTD consistently provides:  *  Personalized advising:  Students receive personalized advising from faculty mentors and career advisors who understand the unique challenges of a startup environment.  This involves helping students identify their strengths, develop a clear career path, and navigate the complex startup ecosystem.  *  Access to industry professionals:  SUTD actively connects students with industry experts through workshops, internships, and networking events.  This provides valuable real-world experience and access to professionals who can offer insights and advice.  *  Mentoring programs:  SUTD offers mentorship programs tailored to specific areas of interest, providing guidance and support for projects and personal development.  This includes programs focused on design thinking, entrepreneurship, and specific technology domains.  *  Financial aid and scholarships:  SUTD actively supports students financially, offering scholarships and financial aid packages tailored to their academic and entrepreneurial achievements.  This is crucial for students who require financial assistance to pursue their startup ambitions.  However,  it's crucial to note that  assistance is not guaranteed and depends on the student's academic performance, financial situation, and application process.  Prospective students should actively seek out information about available financial aid and scholarships from SUTD's admissions office and the Singapore government.  They should also explore alternative funding options, such as crowdfunding platforms and government grants, if necessary.  Finally,  SUTD's support is not a panacea for all student challenges.  Students should actively engage with the support system and seek additional resources as needed.  The university's success is dependent on its students actively participating in the support systems and actively seeking help when needed.  Therefore, it's essential to actively engage with the support system.  Don't expect a magic solution;  actively seek out and utilize the resources provided.  SUTD's support is designed to empower students to succeed, not to replace parental guidance.  The university's success relies on the active participation of its students.  Don't expect a magic solution; actively seek out and utilize the resources provided.  SUTD's support is designed to empower students to succeed, not to replace parental guidance.  The university's success relies on the active participation of its students"
I am new to programming but I want to join Computer Science & Design. Will SUTD provide any bridging courses in the first year?,"SUTD doesn't offer a dedicated bridging course for students joining the first year. However, SUTD's strong emphasis on design thinking and problem-solving skills inherently equip students with the necessary foundation and skills to succeed in their first year.  The university's curriculum is designed to be highly interdisciplinary, fostering collaboration and innovation.  Therefore, while SUTD doesn't explicitly offer a bridging course for the first year, the design-centric approach ensures a strong foundation for success in the first semester regardless of the chosen pathway.  Prospective students should focus on exploring SUTD's curriculum, industry partnerships, and student testimonials to gain a holistic understanding of the learning experience.  While a dedicated bridging course might be available in some specialized areas, the emphasis on design thinking and problem-solving makes a strong first-year experience highly achievable without a formal pre-existing background.  Therefore, while SUTD doesn't explicitly offer a bridging course, a strong foundation in design thinking and problem-solving is crucial for a successful first year.  It's crucial to explore SUTD's website, social media channels, and student testimonials to gain a better understanding of the overall student experience.  Don't rely solely on this answer; always check the most recent information on the SUTD website or directly with the admissions office.  They can provide a more accurate and up-to-date response tailored to your individual circumstances.  Ultimately, while a dedicated bridging course might be available in certain areas, the emphasis on design thinking and problem-solving makes a strong first-year experience achievable without one.  Embrace the unique SUTD learning environment and focus on your own learning to maximize your success.  Good luck!"
I want to work in cybersecurity after graduation. What course and modules should I take at SUTD?,"SUTD's curriculum offers a robust foundation in cybersecurity, but it's not a standalone major.  Instead,  you'll find modules and courses that complement cybersecurity,  but are designed to provide a broader understanding of information security and technology.  This means that while cybersecurity modules are crucial,  you'll also explore topics like  network security,  systems security,  information assurance,  and ethical hacking.  The specific modules and their titles will vary depending on your chosen pathway (e.g., engineering, design, or interdisciplinary).  However,  expect modules like  ""Network Security Fundamentals,""  ""Systems Security Fundamentals,""  ""Information Assurance Fundamentals,""  and  ""Ethical Hacking Fundamentals""  to be common across pathways.  The specific titles may vary slightly between pathways.  The key is to understand that  SUTD's cybersecurity curriculum is a foundation,  not a standalone major.  You'll need to supplement your SUTD education with relevant courses and certifications from external sources (e.g., industry certifications, online courses) to deepen your understanding and prepare for a career in cybersecurity.  While SUTD provides a strong foundation,  you should research and choose courses that align with your career goals and industry needs.  This includes considering the specific modules offered by your chosen pathway and the relevance of the content to your future role.  Prospective students should explore the SUTD website's course catalog and modules page to find a comprehensive list of available modules and their descriptions.  This will provide a better understanding of the breadth and depth of the cybersecurity curriculum offered at SUTD.  Finally,  don't forget to explore the various pathways offered at SUTD (engineering, design, interdisciplinary) to find modules that align with your interests and career aspirations.  The specific modules available within each pathway will vary.  While SUTD provides a solid foundation,  you'll need to actively seek out and choose courses that suit your specific needs and career goals.  The key is to understand that SUTD's cybersecurity curriculum is a foundation,  not a standalone major.  You'll need to supplement your SUTD education with relevant courses and certifications from external sources to deepen your understanding and prepare for a career in cybersecurity.  While SUTD provides a strong foundation,  you should research and choose courses that align with your career goals and industry needs.  This includes considering the specific modules offered by your chosen pathway and the relevance of the content to your future role."
What career path does DAI open for me?,"DAI opens a wide range of career paths for students interested in pursuing a design-focused education at SUTD, but the specific opportunities depend on several factors:
  1. Student Interest and Background:  SUTD's design-centric approach allows for a diverse student body, so the career path available will be influenced by individual interests and skills.  Students with strong technical skills and a design mindset will have the most opportunities.  Those with a strong background in engineering, information technology, or other technical fields will also find opportunities in areas like product development, software engineering, and information systems design.
  2. SUTD's Curriculum:  The specific career paths available are determined by the modules and projects students complete within their SUTD curriculum.  While there is a strong emphasis on design thinking and problem-solving, specific career paths may not be explicitly labeled.  Students should explore the curriculum and explore potential career paths within modules like ""Design Thinking,"" ""Product Development,"" and ""Systems Design.""
  3. SUTD's Industry Partnerships:  SUTD's strong industry partnerships offer numerous opportunities for students.  These partnerships often lead to internships and job opportunities in areas like design, technology, and engineering.  Students should actively engage with SUTD's career services to identify and leverage these partnerships.
  4. SUTD's Career Development Programs:  SUTD's career development programs, including workshops, seminars, and networking events, provide valuable resources and connections for students seeking career advice and opportunities.  These programs are designed to support students in navigating the design-focused career landscape.
  5. Personal Interest and Passion:  Ultimately, the best way to know for sure is to explore SUTD's career services, connect with current students, and actively engage with the university's industry partnerships.  Don't be afraid to ask questions and explore different career paths.  The dedicated career services team at SUTD are excellent resources for guidance and support.  They can help you understand the various career paths available and provide personalized advice tailored to your specific interests and abilities."
Who can I contact to query about my admission application?,"Contact the Admissions Office at admissions@sutd.edu.sg. They are the best resource for accurate and up-to-date information on admissions, including application deadlines, requirements, and the overall application process. Don't hesitate to call or email them with specific questions."
When does school start for freshmore?,"SUTD's admissions process begins with a formal application. Prospective students submit their applications online, typically in early to mid-September for the upcoming academic year. The application process involves filling out a comprehensive application form, including academic transcripts, a personal statement, and possibly an interview (if applicable). SUTD does not have a specific deadline for applications, but they are generally accepted well in advance of the start of the semester. The university's website provides the most up-to-date information on the application process and deadlines. Prospective students are strongly advised to check the SUTD website and contact the admissions office directly for the most accurate and up-to-date information. The application process is rigorous and competitive, so early submission is highly recommended."
